ID,SIM,interval,ETA1,ETA2,ETA3,ETA4
12,4,2,0.66902019784511,-0.102630444036085,0.731845143988924,-1.03109357658203
