ID,SIM,time,ALB,ADA,ETA1,ETA2,ETA3,ETA4,ERRPRO,amt,evid,cmt,rate
12,4,0,4,0,0,0,0,0,0,350,1,1,-2
12,4,0.0833333333333333,3.99988849098455,0,0,0,0,0,0,0,0,1,0
12,4,14,3.98126648540434,0,0,0,0,0,0,350,1,1,-2
12,4,14.0833333333333,3.98115497638889,0,0,0,0,0,0,0,0,1,0
12,4,28,3.96253297080868,0,0,0,0,0,0,0,0,1,0
12,4,28.0833333333333,3.96242146179323,0,0,0,0,0,0,0,0,1,0
12,4,42,3.94379945621302,0,0,0,0,0,0,350,1,1,-2
12,4,42.0833333333333,3.94368794719757,0,0,0,0,0,0,0,0,1,0
12,4,56,3.92506594161736,0,0,0,0,0,0,0,0,1,0
12,4,56.0833333333333,3.92495443260191,0,0,0,0,0,0,0,0,1,0
12,4,70,3.9063324270217,0,0,0,0,0,0,0,0,1,0
12,4,70.0833333333333,3.90622091800625,0,0,0,0,0,0,0,0,1,0
12,4,84,3.88759891242604,0,0,0,0,0,0,0,0,1,0
12,4,84.0833333333333,3.88748740341059,0,0,0,0,0,0,0,0,1,0
12,4,98,3.86886539783039,0,0,0,0,0,0,100408.964729843,1,1,-2
12,4,98.0833333333333,3.86924909670967,0,0,0,0,0,0,0,0,1,0
12,4,112,3.93332680955054,0,0,0,0,0,0,0,0,1,0
12,4,112.083333333333,3.93371050842983,0,0,0,0,0,0,0,0,1,0
12,4,126,3.9977882212707,0,0,0,0,0,0,0,0,1,0
12,4,126.083333333333,3.99817192014999,0,0,0,0,0,0,0,0,1,0
12,4,140,4.06224963299085,0,0,0,0,0,0,0,0,1,0
12,4,140.083333333333,4.06263333187014,0,0,0,0,0,0,0,0,1,0
12,4,154,4.12671104471101,0,0,0,0,0,0,100396.04264304,1,1,-2
12,4,154.083333333333,4.1270947435903,0,0,0,0,0,0,0,0,1,0
12,4,168,4.19117245643117,0,0,0,0,0,0,0,0,1,0
12,4,168.083333333333,4.19155615531045,0,0,0,0,0,0,0,0,1,0
12,4,182,4.25563386815132,0,0,0,0,0,0,0,0,1,0
12,4,182.083333333333,4.25601756703061,0,0,0,0,0,0,0,0,1,0
12,4,196,4.32009527987148,0,0,0,0,0,0,0,0,1,0
12,4,196.083333333333,4.32047897875077,0,0,0,0,0,0,0,0,1,0
12,4,210,4.38455669159164,0,0,0,0,0,0,0,0,1,0
12,4,210.083333333333,.,0,0,0,0,0,0,0,0,1,0
