ID,SIM,interval,DOSE1,DOSE2,DOSE3,ERR
12,4,2,101743.524785928,58977.7689468093,.,1e-04
