ID,SIM,interval,ETA1,ETA2,ETA3,ETA4
12,4,3,0.773902648189888,-0.108885151991402,0.598847810985458,-0.88010253219077
