ID,SIM,interval,DOSE1,DOSE2,DOSE3,ERR
12,4,2,100408.964729843,100396.04264304,.,1e-04
