ID,SIM,interval,DOSE1,DOSE2,DOSE3,ERR
12,4,3,48080.7858993109,48091.7487903131,48091.7446485925,1e-04
