ID,SIM,interval,DOSE1,DOSE2,DOSE3,ERR
12,4,3,35206.1169903051,22723.7433963314,16315.7070017527,1e-04
