ID,SIM,interval,DOSE1,DOSE2,DOSE3,ERR
12,4,4,16728.7683179124,16749.1245650854,16749.122883655,1e-04
