ID,SIM,interval,DOSE1,DOSE2,DOSE3,ERR
12,4,4,13177.2123920497,11954.2086699372,11991.7953470839,1e-04
