ID,SIM,interval,ETA1,ETA2,ETA3,ETA4
12,4,4,0.801902277575747,-0.110777099296502,0.600928451494242,-0.881016752899685
