ID,SIM,interval,ETA1,ETA2,ETA3,ETA4
1,0,3,0.02912428074986,-0.0036368663348999,-0.186296609095952,0.100153220754097
1,1,3,-0.224609433463252,0.0187830101684396,0.143558754662163,0.212082606607673
