ID,SIM,interval,DOSE1,DOSE2,DOSE3
1,0,3,623.792296480006,608.34548252597,608.873928687392
1,1,3,268.769494242835,272.559598508102,272.643189285468
