ID,SIM,interval,DOSE1,DOSE2,DOSE3
1,0,4,1403.47613014888,1403.47623187414,1403.47623187414
1,1,4,324.435983558376,324.444510071206,324.496237582378
