ID,SIM,interval,ETA1,ETA2,ETA3,ETA4
1,0,4,0.13997402108817,-0.0125314616078776,-0.339725270396183,-0.000622860935996627
1,1,4,-0.186368703476475,0.0153648824710499,0.0962055834443385,0.207069363775312
