ID,SIM,interval,DOSE1,DOSE2,DOSE3
1,0,3,834.144754153572,834.141648583672,834.147101701482
1,1,3,175,218.193882985473,249.125889358433
