ID,SIM,interval,DOSE1,DOSE2,DOSE3
1,0,4,884.575068638477,1000.46887260016,1232.27530459756
1,1,4,277.576075233707,312.272096391471,352.146220913522
