ID,SIM,interval,DOSE1,DOSE2,DOSE3,ERR
1,0,2,1220.6239924872,1145.2782195565,.,0.028291078686213
2,0,2,941.931027578319,806.95275331002,.,0.0370268608113245
3,0,2,732.513175216355,584.292406918387,.,0.0943309053397722
4,0,2,618.52991314858,586.458752888868,.,0.0282910792823922
5,0,2,477.107613301324,416.729609402434,.,0.0370268783489883
6,0,2,371.390177790947,306.031326786819,.,0.094330841943921
7,0,2,618.52991314858,586.458752888868,.,0.0282910792823922
8,0,2,477.107613301324,416.729609402434,.,0.0370268783489883
9,0,2,371.390177790947,306.031326786819,.,0.094330841943921
10,0,2,618.52991314858,586.458752888868,.,0.0282910792823922
11,0,2,477.107613301324,416.729609402434,.,0.0370268783489883
12,0,2,371.390177790947,306.031326786819,.,0.094330841943921
1,1,2,2010.36485384981,1309.50795593361,.,0.32818146349928
2,1,2,895.866143801656,668.462163312754,.,0.0354674024207391
3,1,2,1653.62508872735,1115.57744293189,.,1.75469233239985
4,1,2,1680.26687770934,1395.57401229483,.,389.595415485843
5,1,2,878.308277010348,649.425065537354,.,0.717769966431377
6,1,2,19.1675992845804,107.472429319524,.,0.406926811991973
7,1,2,827.251894721497,765.185605813232,.,1.36487591019826
8,1,2,766.763264519278,560.638981411753,.,0.297450998183287
9,1,2,689.25248909442,522.277666038659,.,0.618690758356171
10,1,2,653.743829750686,588.599936670083,.,0.0759602341447373
11,1,2,727.314429083368,600.222057107218,.,2.60793899439013
12,1,2,240.480868420604,227.183667672253,.,0.223723953107748
