ID,SIM,interval,DOSE1,DOSE2,DOSE3,ERR
1,0,4,1071.3332871043,1047.89923301225,1047.80251958649,0.104617004105454
2,0,4,809.444270204632,818.504616805921,818.512250546924,0.0794389311593125
3,0,4,801.036457993388,749.66498463262,749.258336076986,0.355781201353444
4,0,4,638.678419533465,578.866953778791,578.046339591311,0.616586287027095
5,0,4,759.843456837129,656.755901532335,652.554785437276,0.191694413758759
6,0,4,399.085967374487,386.147450956904,386.129852792541,0.26826799810903
7,0,4,600.981639799026,587.247081531458,587.16915020065,0.121544708645079
8,0,4,469.001298602762,472.395810036091,472.396233192854,0.0646067493854842
9,0,4,511.800089442584,519.347495812062,519.347911637364,0.131315510526223
10,0,4,706.633082572851,709.080862437407,709.082879200798,0.0296027927713952
11,0,4,329.298885905208,326.31180609609,326.306749214652,0.0498839319108674
12,0,4,433.110984785877,437.248817875219,437.250683095537,0.0701957192496415
1,1,4,1144.81251726994,1139.9039323072,1139.9034291792,0.0997870656936538
2,1,4,409.468505372251,426.612995788751,426.622899032317,0.165520720660761
3,1,4,1623.54661873552,1578.00642051166,1577.9529352311,0.787786692709343
4,1,4,1e+06,1e+06,1e+06,0
5,1,4,1071.22833490802,1049.43595832205,1049.41747301994,0.400982977501249
6,1,4,216.769509956146,207.356350961443,207.238239349651,0.0893751473603069
7,1,4,1267.90501784353,1259.51883891863,1259.49560679684,0.045375474611777
8,1,4,585.232725301336,582.618001118026,582.60585425637,0.0200964381788333
9,1,4,913.291034652942,905.57435542124,905.571025975432,0.151440272161118
10,1,4,519.216548575767,527.450657246429,527.461335882952,0.0848310691517427
11,1,4,1016.97457224641,1016.62346270845,1016.6234433298,0.0065345205808539
12,1,4,269.068668880119,280.021711544918,280.02952423065,0.142305914905999
