ID,SIM,interval,DOSE1,DOSE2,DOSE3
1,0,2,470.301401521987,469.603340157902,.
1,1,2,263.36235268729,288.078572523875,.
