ID,SIM,interval,ETA1,ETA2,ETA3,ETA4
1,0,2,0.0301059723646372,-0.00271757663310148,0.00489537887473484,-0.0452268784453045
1,1,2,-0.0959961399043462,0.00824265951183293,0.0340456771702235,0.112370654358759
