ID,SIM,interval,ETA1,ETA2,ETA3,ETA4
1,0,4,0.207661431524716,-0.0208364036736861,0.0687477306658686,-0.305099704094866
1,1,4,-0.0875850527683238,0.00763389410348205,0.0373978191280886,0.0942154149542263
