ID,SIM,interval,DOSE1,DOSE2,DOSE3
1,0,4,1404.35250164451,1404.35250164451,1404.35250164451
1,1,4,324.424658951745,324.426774837163,324.426774837165
