ID,SIM,interval,ETA1,ETA2,ETA3,ETA4
1,0,3,0.114103210519226,-0.0102893220659295,-0.11104120080141,-0.0879330159661845
1,1,3,-0.138507489455792,0.0120492971269165,0.0814510056412878,0.125237265935245
