ID,SIM,interval,DOSE1,DOSE2,DOSE3
1,0,3,620.926147519329,609.364839329694,609.335348305142
1,1,3,260.889947006039,263.990992516172,264.236067885067
