ID,SIM,interval,DOSE1,DOSE2,DOSE3
1,0,4,1041.06361487237,1041.07348637441,1041.09274101482
1,1,4,286.572212933766,307.56188047191,355.387349266713
