ID,SIM,interval,ETA1,ETA2,ETA3,ETA4
1,0,3,0.0140638292268267,-0.00228714230807867,-0.160951945728685,0.106676357143484
1,1,3,-0.212333503248228,0.0176633817435187,0.128779376701325,0.211576543103709
