ID,SIM,interval,DOSE1,DOSE2,DOSE3
1,0,3,593.171602442551,582.23979844021,582.949017798829
1,1,3,276.787942693496,282.098841417151,282.114132686002
