ID,SIM,interval,ETA1,ETA2,ETA3,ETA4
1,0,4,0.100175966285699,-0.0111789090008172,-0.342029727270165,0.109599472645177
1,1,4,-0.196741958945228,0.0161686667449454,0.103557541233911,0.217151869317629
