ID,SIM,interval,DOSE1,DOSE2,DOSE3
1,0,4,846.481998393763,960.793013654298,1179.57276123738
1,1,4,270.074458875951,310.68999595943,353.258128734763
