ID,SIM,interval,DOSE1,DOSE2,DOSE3
1,0,2,517.160488922931,517.17475046965,.
1,1,2,295.104348025736,324.558231934501,.
