ID,SIM,interval,DOSE1,DOSE2,DOSE3
1,0,4,1402.80784159325,1402.8260314873,1402.93517085153
1,1,4,324.038111205315,324.051185191655,324.127923807131
