ID,SIM,interval,DOSE1,DOSE2,DOSE3
1,0,3,854.2602138178,825.195446054627,858.86294338647
1,1,3,175,208.369919723458,247.658463912976
