ID,SIM,interval,ETA1,ETA2,ETA3,ETA4
1,0,3,-0.109269990094841,0.00727493221502346,-0.0313937372849221,0.225178644548699
1,1,3,-0.364450833573471,0.0272471234088484,0.250220113486104,0.412731092870502
