ID,SIM,interval,ETA1,ETA2,ETA3,ETA4
1,0,4,0.0110668001341049,-0.00119158432048633,-0.128407716412422,0.063807569300442
1,1,4,-0.318773169454715,0.0237969413069227,0.210596970313118,0.378968709306153
