ID,SIM,interval,ETA1,ETA2,ETA3,ETA4
1,0,2,-0.0537745068001815,0.0044336931457452,-0.000156590087909355,0.0838665719402349
1,1,2,-0.184189120552738,0.0147807241338434,0.0813325450654669,0.227734091507057
