ID,SIM,interval,DOSE1,DOSE2,DOSE3
1,0,4,1403.1143277859,1403.1143277859,1403.1143277859
1,1,4,329.080874338168,329.111001350169,329.222982885346
