ID,SIM,interval,DOSE1,DOSE2,DOSE3
1,0,4,979.858876890545,1106.12447952871,1365.21526958737
1,1,4,254.136102094588,306.901979579799,355.599559300839
