ID,SIM,interval,DOSE1,DOSE2,DOSE3
1,0,2,511.074417968842,512.375324261164,.
1,1,2,279.392294798509,311.390308138781,.
