ID,SIM,interval,DOSE1,DOSE2,DOSE3
1,0,3,703.268570856288,679.203232813629,681.607515335994
1,1,3,305.583822440565,305.714115551742,306.415026559677
