ID,SIM,interval,DOSE1,DOSE2,DOSE3
1,0,4,951.136648191616,1074.22703648485,1325.01647009442
1,1,4,259.577466586951,308.251864834354,354.81136825779
