ID,SIM,interval,DOSE1,DOSE2,DOSE3
1,0,4,1403.62112090061,1403.62112090061,1403.65067947842
1,1,4,328.629651684718,328.689337274533,328.908184437189
