ID,SIM,interval,ETA1,ETA2,ETA3,ETA4
1,0,4,-0.0113834906366735,-0.000887030274017673,-0.225705611618036,0.184121215001939
1,1,4,-0.340272819565142,0.0252736368859739,0.224279203817387,0.402216022759766
