ID,SIM,interval,ETA1,ETA2,ETA3,ETA4
1,0,2,-0.0550904845327795,0.00453801043758513,0.000202069673250617,0.0857185388321212
1,1,2,-0.189895325757363,0.0152331616081286,0.0861105125346992,0.232703731656289
