ID,SIM,interval,ETA1,ETA2,ETA3,ETA4
1,0,3,-0.118239065291439,0.0071230679194728,-0.055207105730143,0.270073239018575
1,1,3,-0.373155629008768,0.0281854310891399,0.262756454640266,0.408572131949751
