ID,SIM,interval,DOSE1,DOSE2,DOSE3
1,0,2,508.945301043633,508.965737847752,.
1,1,2,271.548595008146,304.855574426769,.
