ID,SIM,interval,DOSE1,DOSE2,DOSE3
1,0,3,680.669447175986,652.317033853387,658.525021973846
1,1,3,298.580384141354,298.715457912698,299.467634021508
