ID,SIM,interval,DOSE1,DOSE2,DOSE3
1,0,4,1402.47767276128,1402.47767276128,1402.47767276128
1,1,4,324.640148731741,324.640148731741,324.640448821262
