ID,SIM,interval,DOSE1,DOSE2,DOSE3
1,0,3,645.318870327226,631.019170528643,631.244088384996
1,1,3,272.431183997143,276.515258080225,276.854918471283
