ID,SIM,interval,DOSE1,DOSE2,DOSE3
1,0,4,916.192542225673,1035.25532012028,1276.26326405718
1,1,4,274.485098918439,311.665225340845,352.586199324327
