ID,SIM,interval,DOSE1,DOSE2,DOSE3
1,0,3,838.623099957595,838.619768999679,838.625677502268
1,1,3,175,214.86912181255,248.625072023591
