ID,SIM,interval,ETA1,ETA2,ETA3,ETA4
1,0,3,0.0350814602576448,-0.00342043124704515,-0.129717137839129,0.0397399916567462
1,1,3,-0.218946470710926,0.0182136657183786,0.133959584337017,0.215978088915154
