ID,SIM,interval,ETA1,ETA2,ETA3,ETA4
1,0,4,0.14760111006103,-0.013247293698591,-0.0838431331280134,-0.164176201215795
1,1,4,-0.169172842793907,0.0140653114678736,0.089909623202699,0.18491411249723
