ID,SIM,interval,DOSE1,DOSE2,DOSE3
1,0,4,1404.22356003316,1404.22356003316,1404.22356003316
1,1,4,324.689863336737,324.689863336738,324.703505757269
