ID,SIM,interval,DOSE1,DOSE2,DOSE3
1,0,4,863.498282337077,975.375591733336,1202.72000833799
1,1,4,286.147040960401,307.578300337697,355.407813188429
