ID,SIM,interval,DOSE1,DOSE2,DOSE3
1,0,3,607.651949776057,593.710706255574,594.106902206829
1,1,3,262.211854226316,264.743056687623,264.935341656852
