ID,SIM,interval,ETA1,ETA2,ETA3,ETA4
1,0,3,0.112326118500005,-0.0101750346925358,-0.197778017505943,-0.0295090032844987
1,1,3,-0.138832911011271,0.0121635476956668,0.0912228176618688,0.114303424977967
