ID,SIM,interval,ETA1,ETA2,ETA3,ETA4
1,0,2,0.0307665781145953,-0.0027786489097776,0.00512210677058448,-0.046283503679191
1,1,2,-0.0988599769147458,0.00848297037028786,0.0357824166707123,0.115146800948539
