ID,SIM,interval,ETA1,ETA2,ETA3,ETA4
1,0,4,0.218940941559692,-0.0191302981663266,-0.319889757730161,-0.135849642387848
1,1,4,-0.1007468282034,0.0087444672925805,0.040472223314446,0.110107862140935
