ID,SIM,interval,DOSE1,DOSE2,DOSE3
1,0,3,578.890004688584,567.379673099157,567.94730897873
1,1,3,271.180324012145,273.722509234913,273.910129826287
