ID,SIM,interval,ETA1,ETA2,ETA3,ETA4
1,0,3,0.0970330344090699,-0.00881411621305195,-0.169548781184188,-0.023817633488944
1,1,3,-0.127828806546627,0.0111950340449327,0.0807904360859929,0.109825056398505
