ID,SIM,interval,DOSE1,DOSE2,DOSE3
1,0,4,1403.69925817685,1403.69925817685,1403.71062686063
1,1,4,325.32560964561,325.325609645612,325.342094237086
