ID,SIM,interval,ETA1,ETA2,ETA3,ETA4
1,0,2,0.0287717249656707,-0.00259139379067032,0.00444343558203203,-0.0430386685974419
1,1,2,-0.0903693161322691,0.00776981045365084,0.0307140416811754,0.106837230628436
