ID,SIM,interval,ETA1,ETA2,ETA3,ETA4
1,0,4,0.183271586799045,-0.0168931009468891,-0.391928572212509,-0.0158243596770326
1,1,4,-0.109519495549819,0.00952307906823482,0.0496140365089957,0.113859212104894
