ID,SIM,interval,DOSE1,DOSE2,DOSE3
1,0,4,821.932441598651,937.579410156453,1146.03910233888
1,1,4,277.136782647064,312.20453184968,352.252525611542
