ID,SIM,interval,DOSE1,DOSE2,DOSE3,ERR
1,0,4,1298.79444809826,1462.30804048212,1792.48629885581,1e-04
1,1,4,243.593401479493,307.736733439898,355.687990654051,1e-04
