ID,SIM,interval,DOSE1,DOSE2,DOSE3,ERR
1,0,3,677.088753779752,655.307592732818,655.223105090126,1e-04
1,1,3,315.126363615823,318.617407241655,318.627248386152,1e-04
