ID,SIM,interval,DOSE1,DOSE2,DOSE3
1,0,4,929.634898678999,1050.27881333643,1295.03203973028
1,1,4,245.894285366522,304.811020034402,356.82838996802
