ID,SIM,interval,ETA1,ETA2,ETA3,ETA4
1,0,2,-0.0511326305209753,0.00421738524221435,-0.000864787312169384,0.0802034277432567
1,1,2,-0.173077413073011,0.0139102008236642,0.0722739052089269,0.217748321631723
