ID,SIM,interval,DOSE1,DOSE2,DOSE3,ERR
1,0,3,1145.82278261083,1096.02250515603,1140.75536590221,1e-04
1,1,3,114.468484258713,246.954489499958,256.072745782631,1e-04
