ID,SIM,interval,DOSE1,DOSE2,DOSE3,ERR
1,0,2,1221.64732570529,1146.19422178774,.,1e-04
1,1,2,1e-04,237.183753882368,.,0.0416162648516602
