ID,SIM,interval,DOSE1,DOSE2,DOSE3,ERR
1,0,2,515.62547857842,516.442485410389,.,1e-04
1,1,2,312.404488563622,340.483577581882,.,1e-04
