ID,SIM,interval,ETA1,ETA2,ETA3,ETA4
1,0,2,-0.0521789236988603,0.00626170196723868,-0.00402444243383254,0.0755805184659146
1,1,2,-0.175867273977265,0.0167480544843117,0.0247091462246406,0.201491592047888
