ID,SIM,interval,ETA1,ETA2,ETA3,ETA4
1,0,4,-0.0496139059571187,0.000127750490333248,-0.207819465758093,0.27449727660776
1,1,4,-0.349007802778007,0.0260067651383487,0.23411729526241,0.405442626727911
