ID,SIM,interval,ETA1,ETA2,ETA3,ETA4
1,0,4,-0.0419801440768856,-0.000339443586925201,-0.17029017804142,0.297134058068085
1,1,4,-0.346264670092811,0.025081480050284,0.220679717047842,0.416955429173758
