ID,SIM,interval,DOSE1,DOSE2,DOSE3
1,0,3,662.166237320006,642.01713700942,642.336690861014
1,1,3,315.217671041535,315.367307171855,316.479665132505
