ID,SIM,interval,ETA1,ETA2,ETA3,ETA4
1,0,3,-0.126784995539685,0.00778597602744222,-0.0435031535228086,0.277159985180189
1,1,3,-0.354301114783327,0.0265366161537001,0.242926373831035,0.403278005785489
