ID,SIM,interval,ETA1,ETA2,ETA3,ETA4
1,0,3,-0.128643899177888,0.00793183230728242,-0.0591652663288552,0.271726903977781
1,1,3,-0.351160514994805,0.026326515545385,0.234116643341863,0.407215042721923
