ID,SIM,interval,DOSE1,DOSE2,DOSE3
1,0,4,1404.31333281303,1404.38609238919,1404.64075090573
1,1,4,329.092182343019,329.165510353362,329.433811290436
