ID,SIM,interval,DOSE1,DOSE2,DOSE3,ERR
1,0,4,865.067055179142,832.239325557069,832.090548258857,1e-04
1,1,4,320.818026462402,320.465009323614,320.463979689996,1e-04
