ID,SIM,interval,DOSE1,DOSE2,DOSE3
1,0,4,1404.138250902,1404.138250902,1404.13865780304
1,1,4,328.463103453051,328.479588044526,328.579064027548
