ID,SIM,interval,DOSE1,DOSE2,DOSE3
1,0,2,471.20756660448,471.209309496086,.
1,1,2,259.68891509973,285.001776430115,.
