ID,SIM,interval,DOSE1,DOSE2,DOSE3
1,0,3,658.992664134033,631.871262003933,639.097071890922
1,1,3,289.693023252012,290.119353479947,289.591681156794
