ID,SIM,interval,DOSE1,DOSE2,DOSE3
1,0,4,1088.78683017626,1088.79847792669,1088.82094554873
1,1,4,267.244967197285,310.068492644834,353.684157282746
