ID,SIM,interval,ETA1,ETA2,ETA3,ETA4
1,0,3,-0.0400304465332241,0.00250391250622406,-0.101026524012944,0.142547026730839
1,1,3,-0.292726746923847,0.0234780629003527,0.191931382692877,0.300267529989413
