ID,SIM,interval,DOSE1,DOSE2,DOSE3
1,0,3,789.460042129688,762.115725976049,793.10120205329
1,1,3,175,226.1778930895,250.160828764446
