ID,SIM,interval,ETA1,ETA2,ETA3,ETA4
1,0,4,0.0646428231882033,-0.00554756637835167,-0.270184985211015,0.0610620238038386
1,1,4,-0.259907860717172,0.0205684225240509,0.151081208983283,0.294705498179197
