ID,SIM,interval,DOSE1,DOSE2,DOSE3
1,0,3,639.335031525493,619.725892374973,619.932898342312
1,1,3,305.81146441061,306.145830715943,304.860687023949
