ID,SIM,interval,DOSE1,DOSE2,DOSE3
1,0,2,467.39788244581,467.399677152326,.
1,1,2,270.699935921256,294.241139073712,.
