ID,SIM,interval,DOSE1,DOSE2,DOSE3
1,0,4,1403.54216859361,1403.56490596115,1403.62174938003
1,1,4,329.447321487914,329.483701275991,329.583177259015
