ID,SIM,interval,ETA1,ETA2,ETA3,ETA4
1,0,3,-0.0491267609008727,0.0032428975797967,-0.0872617428632504,0.148534755363617
1,1,3,-0.275542910271433,0.0220558560844155,0.176310875599876,0.291222355487108
