ID,SIM,interval,ETA1,ETA2,ETA3,ETA4
1,0,4,0.0283521202806536,-0.00394488989363689,-0.276026725024096,0.150513246730871
1,1,4,-0.267036461682492,0.021258027641267,0.161134813140112,0.294084223376043
