ID,SIM,interval,DOSE1,DOSE2,DOSE3
1,0,3,782.544517343897,755.37567793129,786.256594461364
1,1,3,175,222.916223826455,248.280905706542
