ID,SIM,interval,DOSE1,DOSE2,DOSE3
1,0,4,900.36352089026,1016.86990131718,1254.0631881676
1,1,4,255.667334660094,307.309820572957,355.356776670226
