ID,SIM,interval,DOSE1,DOSE2,DOSE3,ERR
1,0,4,1108.56227483013,1263.61944768543,1548.94565498935,0.426555029857511
2,0,4,576.288734877043,609.144326301121,666.071502197642,0.058497740077023
3,0,4,322.674845493169,311.610918691788,317.274761231075,0.0442388882670996
4,0,4,469.834740556231,536.198413902304,657.276556215005,2.1704263273378
5,0,4,537.439344847669,544.891074649644,595.771810705943,0.369654457423412
6,0,4,290.678949422068,272.050744042739,276.972223977032,0.411798604556153
7,0,4,606.856491861745,1364.07774769471,1653.87119892492,0.301407701978229
8,0,4,292.135715594042,611.596940278655,660.11930505723,0.112432518727481
9,0,4,109.238161965709,288.438983331387,289.729841152636,0.326687119589199
10,0,4,641.62057209168,747.990841420557,918.343327217346,0.00473011644285206
11,0,4,302.872281319751,306.368203878429,333.510645123048,0.214049289525186
12,0,4,137.752912265253,161.732076360384,164.534253061961,0.247239596367622
1,1,4,1660.60766349878,1593.89373656845,1901.93733565005,0.496436205810451
2,1,4,533.169612886974,537.154850369963,586.721963118845,0.0883776077653785
3,1,4,793.681524847586,742.770251954489,748.27740320202,0.484913392805522
4,1,4,1e+06,1e+06,1e+06,0
5,1,4,1035.7471614522,946.088466737686,1030.47867506156,0.759021301071998
6,1,4,127.435382983013,125.945333084728,127.924781054617,0.00515557301608024
7,1,4,1425.58168773719,3398.47959971599,4134.07403175219,0.347580001373382
8,1,4,468.523099288136,1032.30990838478,968.524459916986,0.0667397465247274
9,1,4,326.898077156023,658.956440283844,654.606796750857,0.113520442071027
10,1,4,671.669258841964,726.971112385328,851.6079531918,0.0541083072898558
11,1,4,1244.36422704901,1213.17669065787,1317.80603849277,0.464713733341378
12,1,4,97.1413958404094,132.980540526458,134.588073579106,0.24552529772004
