ID,SIM,interval,DOSE1,DOSE2,DOSE3
1,0,3,672.051240708118,651.895610079212,652.893390833337
1,1,3,291.516618727747,291.991780236368,291.598920606311
