ID,SIM,interval,DOSE1,DOSE2,DOSE3
1,0,4,944.259455712703,1066.59340326398,1315.42075574908
1,1,4,265.675666282719,309.753836803631,353.88942950187
