ID,SIM,time,ALB,ADA,ETA1,ETA2,ETA3,ETA4,ERRPRO,amt,evid,cmt,rate
1,0,0,4,0,0,0,0,0,0,350,1,1,-2
1,0,0.0833333333333333,4,0,0,0,0,0,0,0,0,1,0
1,0,14,4,0,0,0,0,0,0,350,1,1,-2
1,0,14.0833333333333,4,0,0,0,0,0,0,0,0,1,0
1,0,28,4,0,0,0,0,0,0,0,0,1,0
1,0,28.0833333333333,4,0,0,0,0,0,0,0,0,1,0
1,0,42,4,0,0,0,0,0,0,350,1,1,-2
1,0,42.0833333333333,4,0,0,0,0,0,0,0,0,1,0
1,0,56,4,0,0,0,0,0,0,0,0,1,0
1,0,56.0833333333333,4,0,0,0,0,0,0,0,0,1,0
1,0,70,4,0,0,0,0,0,0,0,0,1,0
1,0,70.0833333333333,4,0,0,0,0,0,0,0,0,1,0
1,0,84,4,0,0,0,0,0,0,0,0,1,0
1,0,84.0833333333333,4,0,0,0,0,0,0,0,0,1,0
1,0,98,4,0,0,0,0,0,0,0,0,1,0
1,0,98.0833333333333,4,.,0,0,0,0,0,0,0,1,0
1,1,0,4,0,0,0,0,0,0,350,1,1,-2
1,1,0.0833333333333333,4,0,0,0,0,0,0,0,0,1,0
1,1,14,4,0,0,0,0,0,0,350,1,1,-2
1,1,14.0833333333333,4,0,0,0,0,0,0,0,0,1,0
1,1,28,4,0,0,0,0,0,0,0,0,1,0
1,1,28.0833333333333,4,0,0,0,0,0,0,0,0,1,0
1,1,42,4,0,0,0,0,0,0,350,1,1,-2
1,1,42.0833333333333,4,0,0,0,0,0,0,0,0,1,0
1,1,56,4,0,0,0,0,0,0,0,0,1,0
1,1,56.0833333333333,4,0,0,0,0,0,0,0,0,1,0
1,1,70,4,0,0,0,0,0,0,0,0,1,0
1,1,70.0833333333333,4,0,0,0,0,0,0,0,0,1,0
1,1,84,4,0,0,0,0,0,0,0,0,1,0
1,1,84.0833333333333,4,0,0,0,0,0,0,0,0,1,0
1,1,98,4,0,0,0,0,0,0,0,0,1,0
1,1,98.0833333333333,4,.,0,0,0,0,0,0,0,1,0
