ID,SIM,interval,DOSE1,DOSE2,DOSE3
1,0,2,722.544029638285,722.544029638285,.
1,1,2,175,175,.
