ID,SIM,interval,ETA1,ETA2,ETA3,ETA4
1,0,4,0.0788197634877057,-0.00642183382237248,-0.0993903924377881,-0.0674611583815318
1,1,4,-0.242459292267114,0.0192424537968205,0.142111978637096,0.276147442995554
