ID,SIM,interval,DOSE1,DOSE2,DOSE3
1,0,4,1403.12485243985,1403.12485243985,1403.12485243985
1,1,4,328.586989826524,328.596084773545,328.650086021471
