ID,SIM,interval,ETA1,ETA2,ETA3,ETA4
1,0,3,-0.0338584655752949,0.00241142481160168,-0.0651407537677721,0.102275514222271
1,1,3,-0.289408046856026,0.0229983537012274,0.181823522658938,0.309542621302685
