ID,SIM,interval,DOSE1,DOSE2,DOSE3
1,0,3,785.261161734213,758.22324220337,789.147138717482
1,1,3,175,224.475151719751,250.158491770942
